<?xml version="1.0" encoding="UTF-8"?>
<schemalist>
    <schema id="com.github.donadigo.appeditor" path="/com/github/donadigo/appeditor/" gettext-domain="appeditor">
        <key name="window-x" type="i">
            <default>-1</default>
            <summary>Window position</summary>
            <description>The x axis of window position</description>
        </key>
        <key name="window-y" type="i">
            <default>-1</default>
            <summary>Window position</summary>
            <description>The y axis of window position</description>
        </key>
        <key name="selected-desktop-id" type="s">
            <default>""</default>
            <summary>Last selected desktop ID</summary>
            <description>The desktop ID that was choosen when the window closed</description>
        </key>
        <key name="show-hidden-entries" type="b">
            <default>false</default>
            <summary>Show hidden entries</summary>
            <description>Whether entries with NoDisplay set to true should show</description>
        </key>
    </schema>
</schemalist>